"Piso en Los arqueros beach, 44, Linda Vista-Nueva Alcántara-Cortijo Blanco, Marbella",2.300€/mes,2024-02-28 11:21:29
"Ático en Puerto Banús, Marbella",3.250€/mes,2024-02-28 11:21:34
"Piso en calle Sietecolores, 2, Lo Cea - Los Cortijos, Rincón de la Victoria",1.100€/mes,2024-02-28 11:21:39
"Chalet pareado en calle Andalucía del Faro, 190, Calaburra - Chaparral, Mijas",1.750€/mes,2024-02-28 11:21:44
"Chalet adosado en Urbanización Altos del Rodeo, Rodeo Alto-Guadaiza-La Campana, Marbella",5.900€/mes,2024-02-28 11:21:49
"Estudio en Las Brisas, Marbella",1.200€/mes,2024-02-28 11:21:54
"Casa o chalet independiente en calle La Finca, Rio Real, Marbella",8.500€/mes,2024-02-28 11:21:59
"Dúplex en Los Arqueros-Puerto del Almendro, Benahavís",6.500€/mes,2024-02-28 11:22:04
"Piso en calle Etiopía, 7, Pedregalejo - Morlaco, Málaga",1.300€/mes,2024-02-28 11:22:09
"Ático en Pio Baroja, Rodeo Alto-Guadaiza-La Campana, Marbella",2.300€/mes,2024-02-28 11:22:14
"Piso en calle El Coloso, Hacienda Torrequebrada, Benalmádena",1.000€/mes,2024-02-28 11:22:19
"Piso en camino Condesa, Zona Sohail, Fuengirola",2.200€/mes,2024-02-28 11:22:24
"Chalet pareado en Centro, Alhaurín el Grande",800€/mes,2024-02-28 11:22:29
"Casa o chalet independiente en Torremuelle, Benalmádena",6.000€/mes,2024-02-28 11:22:34
"Piso en Los Boliches, Fuengirola",1.000€/mes,2024-02-28 11:22:39
"Piso en Playa de Guadalmansa, 35, Villacana - Costalita - Saladillo, Estepona",3.400€/mes,2024-02-28 11:22:44
"Piso en Puerto del Almendro, 1, Los Arqueros-Puerto del Almendro, Benahavís",2.800€/mes,2024-02-28 11:22:49
"Piso en calle de sabinillas, s/n, Paraiso-Barronal, Estepona",1.600€/mes,2024-02-28 11:22:54
"Chalet adosado en Los Naranjos, 3, Linda Vista-Nueva Alcántara-Cortijo Blanco, Marbella",2.500€/mes,2024-02-28 11:22:59
"Dúplex en Menara Beach, s/n, Guadalmansa, Estepona",3.490€/mes,2024-02-28 11:23:04
"Chalet pareado en Arrabal Calataraje, 1, Chullera, Manilva",1.650€/mes,2024-02-28 11:23:09
"Piso en Guadalmansa, Málaga, s/n, Guadalmansa, Estepona",3.900€/mes,2024-02-28 11:23:14
"Piso en Mijas Pueblo, Mijas",1.850€/mes,2024-02-28 11:23:19
"Casa o chalet independiente en Solymar - Puerto Marina, Benalmádena",2.500€/mes,2024-02-28 11:23:24
"Piso en avenida de Andalucia, 6, Benahavís",900€/mes,2024-02-28 11:23:29
"Ático en Santa María, Marbella",1.500€/mes,2024-02-28 11:23:34
"Piso en avenida Isabel Manoja, 6, Manantiales - Estación de Autobuses, Torremolinos",700€/mes,2024-02-28 11:23:39
"Piso en calle Maestro Tomás Bretón, Churriana-El Pizarrillo-La Noria-Guadalsol, Málaga",1.150€/mes,2024-02-28 11:23:44
"Piso en carretera de Almería, 6, Benajarafe",850€/mes,2024-02-28 11:23:49
"Piso en Torrox Pueblo, Torrox",1.100€/mes,2024-02-28 11:23:54
